{
  "generated_at": 1761929393.724332,
  "categories": {
    "LV_HYPERTROPHY": {
      "algorithms": {
        "Random Forest": {
          "accuracy": 1.0,
          "precision": 1.0,
          "recall": 1.0,
          "f1_score": 1.0,
          "cv_mean": 0.95625,
          "cv_std": 0.04677071733467427,
          "train_time": 0.07194805145263672,
          "predict_time": 0.013842105865478516,
          "confusion_matrix": {
            "labels": [
              "Mild",
              "None",
              "Severe"
            ],
            "matrix": [
              [
                6,
                0,
                0
              ],
              [
                0,
                31,
                0
              ],
              [
                0,
                0,
                4
              ]
            ]
          }
        },
        "Gradient Boosting": {
          "accuracy": 1.0,
          "precision": 1.0,
          "recall": 1.0,
          "f1_score": 1.0,
          "cv_mean": 0.9875,
          "cv_std": 0.015309310892394862,
          "train_time": 0.11204099655151367,
          "predict_time": 0.0003788471221923828,
          "confusion_matrix": {
            "labels": [
              "Mild",
              "None",
              "Severe"
            ],
            "matrix": [
              [
                6,
                0,
                0
              ],
              [
                0,
                31,
                0
              ],
              [
                0,
                0,
                4
              ]
            ]
          }
        },
        "SVM (RBF)": {
          "accuracy": 0.9024390243902439,
          "precision": 0.8160278745644599,
          "recall": 0.9024390243902439,
          "f1_score": 0.8566149297856616,
          "cv_mean": 0.8125,
          "cv_std": 0.03423265984407288,
          "train_time": 0.0009150505065917969,
          "predict_time": 0.00019288063049316406,
          "confusion_matrix": {
            "labels": [
              "Mild",
              "None",
              "Severe"
            ],
            "matrix": [
              [
                6,
                0,
                0
              ],
              [
                0,
                31,
                0
              ],
              [
                0,
                4,
                0
              ]
            ]
          }
        },
        "Logistic Regression": {
          "accuracy": 0.926829268292683,
          "precision": 0.9216555801921655,
          "recall": 0.926829268292683,
          "f1_score": 0.9212563351282863,
          "cv_mean": 0.84375,
          "cv_std": 0.02795084971874737,
          "train_time": 0.013202905654907227,
          "predict_time": 7.200241088867188e-05,
          "confusion_matrix": {
            "labels": [
              "Mild",
              "None",
              "Severe"
            ],
            "matrix": [
              [
                5,
                0,
                1
              ],
              [
                0,
                31,
                0
              ],
              [
                0,
                2,
                2
              ]
            ]
          }
        },
        "K-Nearest Neighbors": {
          "accuracy": 0.8292682926829268,
          "precision": 0.7651567944250871,
          "recall": 0.8292682926829268,
          "f1_score": 0.7937915742793792,
          "cv_mean": 0.81875,
          "cv_std": 0.05,
          "train_time": 0.0004069805145263672,
          "predict_time": 0.013836145401000977,
          "confusion_matrix": {
            "labels": [
              "Mild",
              "None",
              "Severe"
            ],
            "matrix": [
              [
                4,
                2,
                0
              ],
              [
                0,
                30,
                1
              ],
              [
                1,
                3,
                0
              ]
            ]
          }
        },
        "Decision Tree": {
          "accuracy": 1.0,
          "precision": 1.0,
          "recall": 1.0,
          "f1_score": 1.0,
          "cv_mean": 0.975,
          "cv_std": 0.023385358667337135,
          "train_time": 0.0007610321044921875,
          "predict_time": 7.081031799316406e-05,
          "confusion_matrix": {
            "labels": [
              "Mild",
              "None",
              "Severe"
            ],
            "matrix": [
              [
                6,
                0,
                0
              ],
              [
                0,
                31,
                0
              ],
              [
                0,
                0,
                4
              ]
            ]
          }
        }
      },
      "best_algorithm": "Random Forest"
    },
    "LA_SIZE": {
      "algorithms": {
        "Random Forest": {
          "accuracy": 1.0,
          "precision": 1.0,
          "recall": 1.0,
          "f1_score": 1.0,
          "cv_mean": 0.975,
          "cv_std": 0.03644344934278313,
          "train_time": 0.057173967361450195,
          "predict_time": 0.013568878173828125,
          "confusion_matrix": {
            "labels": [
              "Enlarged",
              "Normal"
            ],
            "matrix": [
              [
                15,
                0
              ],
              [
                0,
                25
              ]
            ]
          }
        },
        "Gradient Boosting": {
          "accuracy": 1.0,
          "precision": 1.0,
          "recall": 1.0,
          "f1_score": 1.0,
          "cv_mean": 0.9875,
          "cv_std": 0.024999999999999998,
          "train_time": 0.02924513816833496,
          "predict_time": 0.0001239776611328125,
          "confusion_matrix": {
            "labels": [
              "Enlarged",
              "Normal"
            ],
            "matrix": [
              [
                15,
                0
              ],
              [
                0,
                25
              ]
            ]
          }
        },
        "SVM (RBF)": {
          "accuracy": 0.775,
          "precision": 0.796875,
          "recall": 0.775,
          "f1_score": 0.7545766590389016,
          "cv_mean": 0.7875,
          "cv_std": 0.04592793267718459,
          "train_time": 0.0007798671722412109,
          "predict_time": 0.00021409988403320312,
          "confusion_matrix": {
            "labels": [
              "Enlarged",
              "Normal"
            ],
            "matrix": [
              [
                7,
                8
              ],
              [
                1,
                24
              ]
            ]
          }
        },
        "Logistic Regression": {
          "accuracy": 0.6,
          "precision": 0.5428571428571429,
          "recall": 0.6,
          "f1_score": 0.5333333333333333,
          "cv_mean": 0.625,
          "cv_std": 0.10269797953221865,
          "train_time": 0.013105154037475586,
          "predict_time": 5.602836608886719e-05,
          "confusion_matrix": {
            "labels": [
              "Enlarged",
              "Normal"
            ],
            "matrix": [
              [
                2,
                13
              ],
              [
                3,
                22
              ]
            ]
          }
        },
        "K-Nearest Neighbors": {
          "accuracy": 0.725,
          "precision": 0.7536764705882353,
          "recall": 0.725,
          "f1_score": 0.687046004842615,
          "cv_mean": 0.78125,
          "cv_std": 0.05590169943749474,
          "train_time": 0.0003681182861328125,
          "predict_time": 0.01367497444152832,
          "confusion_matrix": {
            "labels": [
              "Enlarged",
              "Normal"
            ],