{
  "LV_SIZE": {
    "ece": 0.29268292682926833,
    "n_samples": 41,
    "mean_confidence": 1.0,
    "accuracy": 0.7073170731707317,
    "fraction_of_positives": [
      0.7073170731707317
    ],
    "mean_predicted_value": [
      1.0
    ]
  },
  "LV_HYPERTROPHY": {
    "ece": 0.23597309172309178,
    "n_samples": 39,
    "mean_confidence": 0.7640269082769081,
    "accuracy": 1.0,
    "fraction_of_positives": [
      1.0,
      1.0,
      1.0,
      1.0,
      1.0,
      1.0
    ],
    "mean_predicted_value": [
      0.47312043049543046,
      0.5720458874458874,
      0.6443634199134199,
      0.716602813852814,
      0.8635462562129229,
      0.9529047064047063
    ]
  },
  "LA_SIZE": {
    "ece": 0.22058495324120325,
    "n_samples": 40,
    "mean_confidence": 0.7794150467587967,
    "accuracy": 1.0,
    "fraction_of_positives": [
      1.0,
      1.0,
      1.0,
      1.0,
      1.0
    ],
    "mean_predicted_value": [
      0.536063492063492,
      0.6778448672539583,
      0.7637182539682539,
      0.8368545655733156,
      0.9212064393939394
    ]
  },
  "DIASTOLIC_FUNCTION": {
    "ece": 0.15148877862263233,
    "n_samples": 43,
    "mean_confidence": 0.7366904654314982,
    "accuracy": 0.6744186046511628,
    "fraction_of_positives": [
      0.2857142857142857,
      0.6153846153846154,
      0.625,
      1.0,
      0.5
    ],
    "mean_predicted_value": [
      0.5590440210469011,
      0.670210670394881,
      0.7628612772544224,
      0.8524489435685088,
      0.9334583333333333
    ]
  }
}