noise_sigma,weighted_coverage,weighted_abstain_rate,weighted_covered_accuracy,weighted_covered_f1,weighted_risk
0.0,0.9570552147239263,0.042944785276073615,0.9648141465175026,0.9468302658486707,0.0351858534824973
0.1,0.9570552147239264,0.04294478527607362,0.9637479085331846,0.9468302658486707,0.036252091466815385
0.2,0.9263803680981595,0.07361963190184048,0.9626150306748467,0.9468302658486707,0.037384969325153374
0.3,0.9325153374233128,0.06748466257668712,0.9626150306748467,0.9468302658486707,0.037384969325153374
0.5,0.9079754601226994,0.09202453987730061,0.9658194566170026,0.9544259421560035,0.034180543382997385
0.7,0.9018404907975459,0.09815950920245398,0.9570552147239264,0.9442993155302253,0.04294478527607363
1.0,0.901840490797546,0.09815950920245399,0.9555828220858895,0.9442993155302253,0.04441717791411044
